{
	"AL4 9RA":[-0.30748,51.76475],
	"AL5 1PU":[-0.34309,51.80716],
	"B16 0AE":[-1.9296,52.48199],
	"B29 5LE":[-1.97176,52.43691],
	"B36 0NJ":[-1.74023,52.49848],
	"B43 6HN":[-1.95364,52.54354],
	"B5 5SR":[-1.88423,52.47633],
	"B60 2DZ":[-2.04798,52.32299],
	"B9 5DB":[-1.86273,52.47323],
	"B92 0AA":[-1.70218,52.4253],
	"BA1 7NB":[-2.31776,51.40562],
	"BA11 1EB":[-2.32399,51.22947],
	"BA22 8PY":[-2.71312,50.97331],
	"BA5 1AF":[-2.66226,51.21684],
	"BB2 4DT":[-2.50279,53.73408],
	"BB4 8HH":[-2.28947,53.70896],
	"BB8 9NG":[-2.18254,53.85379],
	"BD1 2HS":[-1.76289,53.79506],
	"BD16 2HT":[-1.83805,53.84823],
	"BD8 8DP":[-1.7685,53.80049],
	"BD8 8JY":[-1.77196,53.79864],
	"BH22 0JG":[-1.88998,50.83345],
	"BL0 9AQ":[-2.31627,53.64804],
	"BL1 2AR":[-2.42977,53.58064],
	"BL1 2HJ":[-2.42988,53.58577],
	"BL1 6AH":[-2.4574,53.58816],
	"BL2 1JX":[-2.41424,53.57878],
	"BL5 3AA":[-2.52348,53.5488],
	"BL5 3HY":[-2.49527,53.55056],
	"BL6 5EG":[-2.58447,53.59371],
	"BL6 6SF":[-2.53452,53.57991],
	"BL6 7AG":[-2.54957,53.60144],
	"BL7 9SN":[-2.44169,53.63017],
	"BL8 4AL":[-2.34147,53.61525],
	"BN1 2FN":[-0.14836,50.82102],
	"BN14 7AA":[-0.37828,50.81822],
	"BN18 9AD":[-0.55358,50.85403],
	"BN21 4TR":[0.27973,50.76814],
	"BN22 7LN":[0.30472,50.78],
	"BN25 1AE":[0.10669,50.77098],
	"BN3 3RU":[-0.17152,50.83425],
	"BN41 1GB":[-0.20727,50.83366],
	"BR6 7JH":[0.07514,51.35143],
	"BS22 7XE":[-2.90175,51.36005],
	"BS3 1ES":[-2.60463,51.44063],
	"BS31 2WA":[-2.50498,51.41804],
	"BS7 8AE":[-2.59328,51.47127],
	"BT12 4LP":[-5.95154,54.59536],
	"BT37 0EY":[-5.91356,54.6877],
	"CA28 6SJ":[-3.56401,54.54812],
	"CA8 1RP":[-2.73457,54.94271],
	"CB23 8DZ":[0.01846,52.25348],
	"CB4 3HQ":[0.11515,52.22049],
	"CH1 2LE":[-2.89317,53.18992],
	"CH1 4EE":[-2.89384,53.19448],
	"CH42 9PY":[-3.03587,53.37324],
	"CH45 4NE":[-3.04626,53.42002],
	"CH48 4DA":[-3.18371,53.37224],
	"CM1 1QH":[0.4696,51.73497],
	"CM2 0AA":[0.46699,51.72835],
	"CO15 4US":[1.15438,51.81751],
	"CO5 8QT":[0.91398,51.77819],
	"CT21 6EG":[1.08131,51.06974],
	"CT5 4DD":[1.01164,51.3501],
	"CT6 5PT":[1.12613,51.36968],
	"CV32 4HN":[-1.53138,52.2898],
	"CV6 4AB":[-1.5052,52.43437],
	"CW2 6EB":[-2.4361,53.08793],
	"DE13 0AR":[-1.627,52.82146],
	"DE4 3NS":[-1.5608,53.12179],
	"DE4 3RH":[-1.55364,53.10593],
	"DE73 7HL":[-1.51711,52.86711],
	"DH4 4LL":[-1.47365,54.86915],
	"DH6 5LQ":[-1.53618,54.70924],
	"DL12 8NF":[-1.92338,54.5425],
	"DL13 4DP":[-1.81405,54.74452],
	"DN14 5DH":[-0.87514,53.70432],
	"DN14 5JJ":[-0.86358,53.7067],
	"DN15 9PT":[-0.59748,53.65473],
	"DN32 7DS":[-0.07317,53.57138],
	"DN32 9AD":[-0.07815,53.56648],
	"DN35 8LB":[-0.03049,53.56033],
	"DN35 8SF":[-0.02784,53.56146],
	"DN4 7FW":[-1.10258,53.5144],
	"DY6 9EL":[-2.17358,52.49998],
	"E1 3BS":[-0.05287,51.51976],
	"E17 3DD":[-0.01079,51.58901],
	"EN1 1DA":[-0.06886,51.64522],
	"EN1 3XA":[-0.07711,51.65192],
	"EX16 7BJ":[-3.3784,50.91973],
	"EX23 8BR":[-4.54457,50.83024],
	"EX23 8NE":[-4.55265,50.83684],
	"EX34 9DA":[-4.12339,51.2083],
	"EX35 6AA":[-3.83461,51.22935],
	"EX39 2DY":[-4.20714,51.01601],
	"EX9 6LQ":[-3.32607,50.62944],
	"FY8 1LZ":[-3.02919,53.74696],
	"GL1 1JE":[-2.246,51.86162],
	"GL6 0FG":[-2.23713,51.69885],
	"GU27 2AD":[-0.70984,51.0886],
	"GU32 3JL":[-0.93522,51.00398],
	"GU9 8LQ":[-0.79592,51.20838],
	"HA2 7SU":[-0.36158,51.58567],
	"HA9 0FJ":[-0.28168,51.55904],
	"HA9 0JT":[-0.28039,51.56052],
	"HD1 9WJ":[-1.78391,53.64431],
	"HD7 5AW":[-1.88172,53.62296],
	"HG1 1JG":[-1.53863,53.99193],
	"HP11 2JZ":[-0.75204,51.62751],
	"HP21 7SN":[-0.80385,51.81334],
	"HU16 5AB":[-0.42241,53.78048],
	"HU17 8BG":[-0.4323,53.84385],
	"HU3 6LD":[-0.37835,53.75039],
	"HU5 2NN":[-0.3585,53.76429],
	"HU5 3QA":[-0.35992,53.75334],
	"HX4 0AD":[-1.89631,53.6775],
	"IG1 1NY":[0.07802,51.56035],
	"IP4 4EL":[1.18046,52.06166],
	"L18 1HQ":[-2.92412,53.38527],
	"L31 1DZ":[-2.9125,53.49104],
	"L8 6SE":[-2.96643,53.38591],
	"L8 9RW":[-2.95909,53.38],
	"LA1 1XT":[-2.80001,54.04521],
	"LA12 9HU":[-3.0881,54.18842],
	"LA13 0DR":[-3.19659,54.11197],
	"LE16 9HB":[-0.91976,52.47727],
	"LE2 5SJ":[-1.07314,52.59287],
	"LE2 9AQ":[-1.14798,52.59226],
	"LE4 5AU":[-1.12275,52.65009],
	"LL65 1DD":[-4.63099,53.31257],
	"LN1 3AN":[-0.53872,53.23539],
	"LN6 8HW":[-0.58023,53.19413],
	"LS1 4AG":[-1.54346,53.79422],
	"LS1 5AP":[-1.54526,53.79873],
	"LS1 5QS":[-1.54831,53.79887],
	"LS1 6PU":[-1.54086,53.79883],
	"LS10 1PJ":[-1.5341,53.79181],
	"LS11 5PS":[-1.55056,53.79239],
	"LS19 6BJ":[-1.69297,53.85267],
	"LS20 8AA":[-1.7127,53.8745],
	"LS21 3AJ":[-1.69352,53.90501],
	"LS22 6LT":[-1.38549,53.92771],
	"LS6 3AA":[-1.57702,53.82031],
	"LS6 4BA":[-1.5821,53.82703],
	"LS7 2NP":[-1.55145,53.83187],
	"M17 1WA":[-2.32234,53.46219],
	"M20 2LG":[-2.24585,53.42638],
	"M20 5WY":[-2.22082,53.40895],
	"M23 0AB":[-2.27934,53.40483],
	"M25 0PD":[-2.27607,53.52431],
	"M25 1JF":[-2.26641,53.52915],
	"M25 2QP":[-2.27161,53.5399],
	"M27 5DA":[-2.33971,53.51105],
	"M29 8EW":[-2.47134,53.51479],
	"M3 4EJ":[-2.249,53.47707],
	"M32 0AH":[-2.31002,53.45121],
	"M33 7HF":[-2.3233,53.42773],
	"M41 5AW":[-2.35539,53.44826],
	"M5 4YP":[-2.26395,53.47989],
	"M50 2RP":[-2.2949,53.47934],
	"M50 3AG":[-2.2932,53.47086],
	"M9 0QN":[-2.21701,53.5357],
	"ME4 6LR":[0.52176,51.36762],
	"ME7 1LG":[0.54559,51.38851],
	"MK40 1JF":[-0.47448,52.13891],
	"MK40 2HA":[-0.47037,52.14083],
	"MK40 2SR":[-0.46834,52.13895],
	"MK40 3JG":[-0.46318,52.1386],
	"MK41 0PW":[-0.42741,52.15264],
	"MK41 8LS":[-0.44106,52.15698],
	"MK42 0GE":[-0.43093,52.11205],
	"MK42 9HP":[-0.47128,52.12537],
	"MK45 1AH":[-0.51093,52.01002],
	"N1C 4AG":[-0.12504,51.53348],
	"N22 8NE":[-0.11789,51.60632],
	"N7 9NY":[-0.12263,51.54496],
	"NE10 8LT":[-1.55763,54.93106],
	"NE15 7UT":[-1.68895,54.9824],
	"NE15 8BB":[-1.7167,54.98141],
	"NE23 3AU":[-1.58334,55.10535],
	"NE24 1BU":[-1.51187,55.12629],
	"NE26 3RL":[-1.45078,55.04232],
	"NE31 2EY":[-1.51539,54.95807],
	"NE33 2JF":[-1.42694,54.99975],
	"NE46 3PU":[-2.10237,54.97525],
	"NE63 0AG":[-1.56857,55.1813],
	"NE65 7TE":[-1.91292,55.30974],
	"NG1 4AF":[-1.1489,52.95589],
	"NG1 6DQ":[-1.15202,52.95237],
	"NG16 1HS":[-1.25332,53.0065],
	"NG19 8BG":[-1.18758,53.16499],
	"NN1 1DP":[-0.89413,52.23651],
	"NN1 5NX":[-0.8809,52.23326],
	"NN13 7BW":[-1.14409,52.03182],
	"NN3 6JR":[-0.85035,52.26849],
	"NN5 5QL":[-0.93226,52.23771],
	"NR23 1AH":[0.85142,52.9572],
	"NR3 2LD":[1.27888,52.64894],
	"NR30 1HP":[1.7241,52.60698],
	"NR32 1HU":[1.75624,52.48406],
	"NR7 0HH":[1.34376,52.62682],
	"OL1 1UT":[-2.11689,53.54237],
	"OL16 1NJ":[-2.1574,53.61575],
	"OL16 4JD":[-2.10701,53.60709],
	"OL3 5JT":[-1.99518,53.56371],
	"PE26 1AB":[-0.10765,52.44794],
	"PE27 5HJ":[-0.07087,52.3223],
	"PL1 3RB":[-4.16214,50.36383],
	"PO12 4UZ":[-1.13792,50.79804],
	"PO21 1LZ":[-0.67476,50.78266],
	"PO7 5EW":[-1.04627,50.86496],
	"PR1 2NJ":[-2.70467,53.75771],
	"PR1 6RU":[-2.68933,53.77224],
	"PR5 6JJ":[-2.65558,53.73101],
	"PR7 5BY":[-2.66154,53.62184],
	"PR9 7NE":[-2.96342,53.65908],
	"RG31 4UT":[-1.0475,51.44331],
	"RG41 5LT":[-0.87637,51.42846],
	"RH16 2HN":[-0.08128,51.01308],
	"RH4 1DX":[-0.33167,51.23376],
	"S11 7BS":[-1.51506,53.36425],
	"S13 9BP":[-1.38821,53.37207],
	"S2 1UL":[-1.43604,53.37713],
	"S32 3XQ":[-1.64166,53.26814],
	"S32 4TF":[-1.66087,53.2767],
	"S32 5QS":[-1.69061,53.28992],
	"S65 1PS":[-1.34648,53.43633],
	"S66 2SF":[-1.26747,53.42686],
	"S66 3XJ":[-1.27827,53.43548],
	"S66 9AQ":[-1.25864,53.39708],
	"S8 0RL":[-1.47545,53.35846],
	"SE1 2QH":[-0.08051,51.50351],
	"SE10 9PQ":[0.00277,51.4865],
	"SE18 6HQ":[0.06559,51.48945],
	"SE25 4DX":[-0.07561,51.40558],
	"SE26 5HB":[-0.04754,51.42586],
	"SG1 3AN":[-0.2078,51.91154],
	"SG2 0BL":[-0.17852,51.90128],
	"SG4 7HY":[-0.23555,51.9324],
	"SG5 4JJ":[-0.24914,52.00302],
	"SG6 3EN":[-0.22551,51.97964],
	"SK1 1TY":[-2.15676,53.41233],
	"SK14 4BH":[-2.07504,53.46222],
	"SK17 6EF":[-1.91431,53.25566],
	"SK17 9JA":[-1.90442,53.23585],
	"SK22 4AA":[-2.00199,53.36623],
	"SK23 6BD":[-1.94278,53.33935],
	"SK6 2LL":[-2.11035,53.41561],
	"SK9 1BU":[-2.22768,53.32733],