{
	"B29 5LE":[-1.97176,52.43691],
	"B36 0NJ":[-1.74023,52.49848],
	"BA22 8PY":[-2.71312,50.97331],
	"BB4 8HH":[-2.28947,53.70896],
	"BB8 9NG":[-2.18254,53.85379],
	"BD16 2HT":[-1.83805,53.84823],
	"BL7 9SN":[-2.44169,53.63017],
	"BN14 7AA":[-0.37828,50.81822],
	"BN21 4TR":[0.27973,50.76814],
	"BN25 1AE":[0.10669,50.77098],
	"BN41 1GB":[-0.20727,50.83366],
	"BS31 2WA":[-2.50498,51.41804],
	"CA28 6SJ":[-3.56401,54.54812],
	"CA8 1RP":[-2.73457,54.94271],
	"CH45 4NE":[-3.04626,53.42002],
	"CH48 4DA":[-3.18371,53.37224],
	"CM2 0AA":[0.46699,51.72835],
	"CO5 8QT":[0.91398,51.77819],
	"DE13 0AR":[-1.627,52.82146],
	"DH6 5LQ":[-1.53618,54.70924],
	"DL12 8NF":[-1.92338,54.5425],
	"DL13 4DP":[-1.81405,54.74452],
	"DN15 9PT":[-0.59748,53.65473],
	"DN35 8LB":[-0.03049,53.56033],
	"EX16 7BJ":[-3.3784,50.91973],
	"EX34 9DA":[-4.12339,51.2083],
	"EX39 2DY":[-4.20714,51.01601],
	"EX9 6LQ":[-3.32607,50.62944],
	"GU27 2AD":[-0.70984,51.0886],
	"HD7 5AW":[-1.88172,53.62296],
	"HG1 1JG":[-1.53863,53.99193],
	"HP11 2JZ":[-0.75204,51.62751],
	"HP21 7SN":[-0.80385,51.81334],
	"HU3 6LD":[-0.37835,53.75039],
	"HU5 3QA":[-0.35992,53.75334],
	"L18 1HQ":[-2.92412,53.38527],
	"L31 1DZ":[-2.9125,53.49104],
	"L8 6SE":[-2.96643,53.38591],
	"L8 9RW":[-2.95909,53.38],
	"LA12 9HU":[-3.0881,54.18842],
	"LA13 0DR":[-3.19659,54.11197],
	"LL65 1DD":[-4.63099,53.31257],
	"LN1 3AN":[-0.53872,53.23539],
	"LS10 1PJ":[-1.5341,53.79181],
	"M20 2LG":[-2.24585,53.42638],
	"M20 5WY":[-2.22082,53.40895],
	"M29 8EW":[-2.47134,53.51479],
	"M33 7HF":[-2.3233,53.42773],
	"M41 5AW":[-2.35539,53.44826],
	"M5 4YP":[-2.26395,53.47989],
	"MK40 2HA":[-0.47037,52.14083],
	"NE24 1BU":[-1.51187,55.12629],
	"NE26 3RL":[-1.45078,55.04232],
	"NE30 1HP":[-1.43552,55.00885],
	"NE46 3PU":[-2.10237,54.97525],
	"NE65 7TE":[-1.91292,55.30974],
	"NG1 4AF":[-1.1489,52.95589],
	"NG16 1HS":[-1.25332,53.0065],
	"NN1 1DP":[-0.89413,52.23651],
	"NN13 7BW":[-1.14409,52.03182],
	"PO12 4UZ":[-1.13792,50.79804],
	"PR5 6JJ":[-2.65558,53.73101],
	"S11 7BS":[-1.51506,53.36425],
	"S13 9BP":[-1.38821,53.37207],
	"S2 1UL":[-1.43604,53.37713],
	"S66 2SF":[-1.26747,53.42686],
	"S66 3XJ":[-1.27827,53.43548],
	"S66 9AQ":[-1.25864,53.39708],
	"S8 0RL":[-1.47545,53.35846],
	"SE26 5HB":[-0.04754,51.42586],
	"SG1 3AN":[-0.2078,51.91154],
	"SG4 7HY":[-0.23555,51.9324],
	"SG6 3EN":[-0.22551,51.97964],
	"SK1 1TY":[-2.15676,53.41233],
	"SK9 1BU":[-2.22768,53.32733],
	"SO14 2AQ":[-1.40504,50.89543],
	"SO15 2DB":[-1.40586,50.91186],
	"ST13 5AS":[-2.01918,53.10487],
	"SW9 8PQ":[-0.11169,51.46332],
	"SY1 3GB":[-2.73332,52.73678],
	"TF1 1QX":[-2.52255,52.69876],
	"TF2 8JY":[-2.43454,52.72619],
	"TN34 1SS":[0.58239,50.85872],
	"TR1 2QD":[-5.05236,50.2621],
	"TR11 4NZ":[-5.05671,50.14893],
	"TR19 7EW":[-5.67595,50.15185],
	"TS1 3RF":[-1.23789,54.57125],
	"TS23 2HZ":[-1.28443,54.61061],
	"WA11 7AB":[-2.73568,53.47373],
	"WA12 9SL":[-2.61959,53.45721],
	"WA2 7AF":[-2.59027,53.39669],
	"WN1 1LR":[-2.63341,53.54656],
	"WN7 5JE":[-2.52602,53.51085],
	"WN8 6AN":[-2.75985,53.54741]}
